run_id,timestamp,library,dataset,error,elapsed_seconds,err_text
20260508T181116Z,2026-05-08T18:11:19.537374Z,charton,85k_line,ok,0.658424167,
20260508T181116Z,2026-05-08T18:11:20.844018Z,charton,170k_line,ok,1.302703959,
20260508T181116Z,2026-05-08T18:11:30.186454Z,charton,850k_line,ok,9.335889167,
20260508T181116Z,2026-05-08T18:11:30.263234Z,charton,1m_histogram,ok,0.073458333,
20260508T181116Z,2026-05-08T18:11:30.812715Z,charton,10m_histogram,ok,0.546700166,
20260508T181116Z,2026-05-08T18:11:33.148272Z,charton,500k_scatter,ok,2.329321459,
20260508T181116Z,2026-05-08T18:11:38.340497Z,charton,5m_scatter,error,,Render error: SVG parsing error: ParsingFailed(NodesLimitReached)
20260508T181116Z,2026-05-08T18:11:39.632458Z,kuva,85k_line,ok,0.652270959,
20260508T181116Z,2026-05-08T18:11:40.852566Z,kuva,170k_line,ok,1.21598225,
20260508T181116Z,2026-05-08T18:11:48.576045Z,kuva,850k_line,ok,7.717546958,
20260508T181116Z,2026-05-08T18:11:48.587539Z,kuva,1m_histogram,ok,0.00727875,
20260508T181116Z,2026-05-08T18:11:48.626047Z,kuva,10m_histogram,ok,0.03525475,
20260508T181116Z,2026-05-08T18:11:49.213731Z,kuva,500k_scatter,ok,0.581453166,
20260508T181116Z,2026-05-08T18:11:54.883149Z,kuva,5m_scatter,ok,5.658728541,
20260508T181116Z,2026-05-08T18:11:55.544265Z,plotters,85k_line,ok,0.023219083,
20260508T181116Z,2026-05-08T18:11:55.5687Z,plotters,170k_line,ok,0.019930334,
20260508T181116Z,2026-05-08T18:11:55.64236Z,plotters,850k_line,ok,0.065346125,
20260508T181116Z,2026-05-08T18:11:55.649249Z,plotters,1m_histogram,ok,0.0023645,
20260508T181116Z,2026-05-08T18:11:55.674025Z,plotters,10m_histogram,ok,0.002273833,
20260508T181116Z,2026-05-08T18:11:55.71263Z,plotters,500k_scatter,ok,0.029593458,
20260508T181116Z,2026-05-08T18:11:56.016851Z,plotters,5m_scatter,ok,0.264534958,
20260508T181116Z,2026-05-08T18:11:56.684463Z,charton,85k_line,ok,0.649028625,
20260508T181116Z,2026-05-08T18:11:57.987939Z,charton,170k_line,ok,1.299858625,
20260508T181116Z,2026-05-08T18:12:08.076097Z,charton,850k_line,ok,10.082134,
20260508T181116Z,2026-05-08T18:12:08.148688Z,charton,1m_histogram,ok,0.069278542,
20260508T181116Z,2026-05-08T18:12:08.704654Z,charton,10m_histogram,ok,0.553903167,
20260508T181116Z,2026-05-08T18:12:11.045907Z,charton,500k_scatter,ok,2.335519917,
20260508T181116Z,2026-05-08T18:12:16.106405Z,charton,5m_scatter,error,,Render error: SVG parsing error: ParsingFailed(NodesLimitReached)
20260508T181116Z,2026-05-08T18:12:16.85991Z,kuva,85k_line,ok,0.687141291,
20260508T181116Z,2026-05-08T18:12:18.099404Z,kuva,170k_line,ok,1.2340797079999999,
20260508T181116Z,2026-05-08T18:12:26.005859Z,kuva,850k_line,ok,7.899768708,
20260508T181116Z,2026-05-08T18:12:26.018137Z,kuva,1m_histogram,ok,0.007523333,
20260508T181116Z,2026-05-08T18:12:26.057141Z,kuva,10m_histogram,ok,0.035711083,
20260508T181116Z,2026-05-08T18:12:26.637018Z,kuva,500k_scatter,ok,0.572020083,
20260508T181116Z,2026-05-08T18:12:32.273843Z,kuva,5m_scatter,ok,5.627417042,
20260508T181116Z,2026-05-08T18:12:32.345822Z,plotters,85k_line,ok,0.013658959,
20260508T181116Z,2026-05-08T18:12:32.365199Z,plotters,170k_line,ok,0.01558375,
20260508T181116Z,2026-05-08T18:12:32.442888Z,plotters,850k_line,ok,0.069516958,
20260508T181116Z,2026-05-08T18:12:32.451773Z,plotters,1m_histogram,ok,0.002287708,
20260508T181116Z,2026-05-08T18:12:32.478621Z,plotters,10m_histogram,ok,0.002282125,
20260508T181116Z,2026-05-08T18:12:32.519269Z,plotters,500k_scatter,ok,0.030858875,
20260508T181116Z,2026-05-08T18:12:32.825804Z,plotters,5m_scatter,ok,0.266756416,
20260508T181116Z,2026-05-08T18:12:33.485245Z,charton,85k_line,ok,0.642278625,
20260508T181116Z,2026-05-08T18:12:34.808837Z,charton,170k_line,ok,1.3199144170000001,
20260508T181116Z,2026-05-08T18:12:44.885211Z,charton,850k_line,ok,10.068157167,
20260508T181116Z,2026-05-08T18:12:44.957645Z,charton,1m_histogram,ok,0.069719167,
20260508T181116Z,2026-05-08T18:12:45.515265Z,charton,10m_histogram,ok,0.55542175,
20260508T181116Z,2026-05-08T18:12:47.884363Z,charton,500k_scatter,ok,2.3631175,
20260508T181116Z,2026-05-08T18:12:52.956903Z,charton,5m_scatter,error,,Render error: SVG parsing error: ParsingFailed(NodesLimitReached)
20260508T181116Z,2026-05-08T18:12:53.707114Z,kuva,85k_line,ok,0.680763208,
20260508T181116Z,2026-05-08T18:12:54.932769Z,kuva,170k_line,ok,1.221823208,
20260508T181116Z,2026-05-08T18:13:02.993557Z,kuva,850k_line,ok,8.055019584,
20260508T181116Z,2026-05-08T18:13:03.005489Z,kuva,1m_histogram,ok,0.007691125,
20260508T181116Z,2026-05-08T18:13:03.048903Z,kuva,10m_histogram,ok,0.040608875,
20260508T181116Z,2026-05-08T18:13:03.635118Z,kuva,500k_scatter,ok,0.577987042,
20260508T181116Z,2026-05-08T18:13:09.348412Z,kuva,5m_scatter,ok,5.703631958,
20260508T181116Z,2026-05-08T18:13:09.420432Z,plotters,85k_line,ok,0.014062,
20260508T181116Z,2026-05-08T18:13:09.440032Z,plotters,170k_line,ok,0.015462667,
20260508T181116Z,2026-05-08T18:13:09.518702Z,plotters,850k_line,ok,0.070089,
20260508T181116Z,2026-05-08T18:13:09.527545Z,plotters,1m_histogram,ok,0.002334833,
20260508T181116Z,2026-05-08T18:13:09.552896Z,plotters,10m_histogram,ok,0.002195583,
20260508T181116Z,2026-05-08T18:13:09.59459Z,plotters,500k_scatter,ok,0.030743084,
20260508T181116Z,2026-05-08T18:13:09.903454Z,plotters,5m_scatter,ok,0.269763791,
20260508T181116Z,2026-05-08T18:13:10.563439Z,charton,85k_line,ok,0.642860666,
20260508T181116Z,2026-05-08T18:13:11.885363Z,charton,170k_line,ok,1.318453791,
20260508T181116Z,2026-05-08T18:13:21.372653Z,charton,850k_line,ok,9.482085292,
20260508T181116Z,2026-05-08T18:13:21.451049Z,charton,1m_histogram,ok,0.074943917,
20260508T181116Z,2026-05-08T18:13:22.018639Z,charton,10m_histogram,ok,0.564714667,
20260508T181116Z,2026-05-08T18:13:24.401179Z,charton,500k_scatter,ok,2.376693834,
20260508T181116Z,2026-05-08T18:13:29.030339Z,charton,5m_scatter,error,,Render error: SVG parsing error: ParsingFailed(NodesLimitReached)
20260508T181116Z,2026-05-08T18:13:29.78502Z,kuva,85k_line,ok,0.68024225,
20260508T181116Z,2026-05-08T18:13:31.01203Z,kuva,170k_line,ok,1.22327675,
20260508T181116Z,2026-05-08T18:13:39.200677Z,kuva,850k_line,ok,8.182507625,
20260508T181116Z,2026-05-08T18:13:39.213309Z,kuva,1m_histogram,ok,0.008186083,
20260508T181116Z,2026-05-08T18:13:39.252217Z,kuva,10m_histogram,ok,0.036095125,
20260508T181116Z,2026-05-08T18:13:39.837179Z,kuva,500k_scatter,ok,0.577147625,
20260508T181116Z,2026-05-08T18:13:45.582851Z,kuva,5m_scatter,ok,5.736055458,
20260508T181116Z,2026-05-08T18:13:45.656233Z,plotters,85k_line,ok,0.013998625,
20260508T181116Z,2026-05-08T18:13:45.676574Z,plotters,170k_line,ok,0.016431583,
20260508T181116Z,2026-05-08T18:13:45.755376Z,plotters,850k_line,ok,0.069440209,
20260508T181116Z,2026-05-08T18:13:45.763284Z,plotters,1m_histogram,ok,0.002351375,
20260508T181116Z,2026-05-08T18:13:45.791291Z,plotters,10m_histogram,ok,0.002549875,
20260508T181116Z,2026-05-08T18:13:45.832433Z,plotters,500k_scatter,ok,0.030970959,
20260508T181116Z,2026-05-08T18:13:46.140502Z,plotters,5m_scatter,ok,0.269868125,
20260508T181116Z,2026-05-08T18:13:46.807456Z,charton,85k_line,ok,0.648980541,
20260508T181116Z,2026-05-08T18:13:48.111438Z,charton,170k_line,ok,1.300249584,
20260508T181116Z,2026-05-08T18:13:57.992764Z,charton,850k_line,ok,9.875636667,
20260508T181116Z,2026-05-08T18:13:58.071338Z,charton,1m_histogram,ok,0.075467875,
20260508T181116Z,2026-05-08T18:13:58.644369Z,charton,10m_histogram,ok,0.570343208,
20260508T181116Z,2026-05-08T18:14:01.037592Z,charton,500k_scatter,ok,2.387662708,
20260508T181116Z,2026-05-08T18:14:05.764813Z,charton,5m_scatter,error,,Render error: SVG parsing error: ParsingFailed(NodesLimitReached)
20260508T181116Z,2026-05-08T18:14:06.512863Z,kuva,85k_line,ok,0.677839375,
20260508T181116Z,2026-05-08T18:14:07.754116Z,kuva,170k_line,ok,1.237590792,
20260508T181116Z,2026-05-08T18:14:15.513602Z,kuva,850k_line,ok,7.753390541,
20260508T181116Z,2026-05-08T18:14:15.526196Z,kuva,1m_histogram,ok,0.008309542,
20260508T181116Z,2026-05-08T18:14:15.568313Z,kuva,10m_histogram,ok,0.038725583,
20260508T181116Z,2026-05-08T18:14:16.165363Z,kuva,500k_scatter,ok,0.590085833,
20260508T181116Z,2026-05-08T18:14:21.996552Z,kuva,5m_scatter,ok,5.82195125,
20260508T181116Z,2026-05-08T18:14:22.072073Z,plotters,85k_line,ok,0.013618917,
20260508T181116Z,2026-05-08T18:14:22.09165Z,plotters,170k_line,ok,0.015708875,
20260508T181116Z,2026-05-08T18:14:22.166758Z,plotters,850k_line,ok,0.067003334,
20260508T181116Z,2026-05-08T18:14:22.174753Z,plotters,1m_histogram,ok,0.002255625,
20260508T181116Z,2026-05-08T18:14:22.200125Z,plotters,10m_histogram,ok,0.00233175,
20260508T181116Z,2026-05-08T18:14:22.241662Z,plotters,500k_scatter,ok,0.031386042,
20260508T181116Z,2026-05-08T18:14:22.552653Z,plotters,5m_scatter,ok,0.2708055,
20260508T181116Z,2026-05-08T18:14:23.222246Z,charton,85k_line,ok,0.648488459,
20260508T181116Z,2026-05-08T18:14:24.51275Z,charton,170k_line,ok,1.2865812079999999,
20260508T181116Z,2026-05-08T18:14:33.854054Z,charton,850k_line,ok,9.33469475,
20260508T181116Z,2026-05-08T18:14:33.929141Z,charton,1m_histogram,ok,0.072518166,
20260508T181116Z,2026-05-08T18:14:34.503528Z,charton,10m_histogram,ok,0.571439625,
20260508T181116Z,2026-05-08T18:14:36.89967Z,charton,500k_scatter,ok,2.390078625,
20260508T181116Z,2026-05-08T18:14:41.540705Z,charton,5m_scatter,error,,Render error: SVG parsing error: ParsingFailed(NodesLimitReached)
20260508T181116Z,2026-05-08T18:14:42.29584Z,kuva,85k_line,ok,0.682579667,
20260508T181116Z,2026-05-08T18:14:43.532682Z,kuva,170k_line,ok,1.23312225,
20260508T181116Z,2026-05-08T18:14:51.11001Z,kuva,850k_line,ok,7.5704206670000005,
20260508T181116Z,2026-05-08T18:14:51.122584Z,kuva,1m_histogram,ok,0.00782475,
20260508T181116Z,2026-05-08T18:14:51.161049Z,kuva,10m_histogram,ok,0.03541875,
20260508T181116Z,2026-05-08T18:14:51.745944Z,kuva,500k_scatter,ok,0.57713,
20260508T181116Z,2026-05-08T18:14:57.460946Z,kuva,5m_scatter,ok,5.7050855,
20260508T181116Z,2026-05-08T18:14:57.536702Z,plotters,85k_line,ok,0.014353333,
20260508T181116Z,2026-05-08T18:14:57.556688Z,plotters,170k_line,ok,0.015972958,
20260508T181116Z,2026-05-08T18:14:57.635815Z,plotters,850k_line,ok,0.071201958,
20260508T181116Z,2026-05-08T18:14:57.644477Z,plotters,1m_histogram,ok,0.002222833,
20260508T181116Z,2026-05-08T18:14:57.670988Z,plotters,10m_histogram,ok,0.002358125,
20260508T181116Z,2026-05-08T18:14:57.712089Z,plotters,500k_scatter,ok,0.031060208,
20260508T181116Z,2026-05-08T18:14:58.023535Z,plotters,5m_scatter,ok,0.271382542,
20260508T181116Z,2026-05-08T18:14:58.685237Z,charton,85k_line,ok,0.644165875,
20260508T181116Z,2026-05-08T18:14:59.979294Z,charton,170k_line,ok,1.290160583,
20260508T181116Z,2026-05-08T18:15:09.279356Z,charton,850k_line,ok,9.294576,
20260508T181116Z,2026-05-08T18:15:09.351604Z,charton,1m_histogram,ok,0.069291833,
20260508T181116Z,2026-05-08T18:15:09.919482Z,charton,10m_histogram,ok,0.564658834,
20260508T181116Z,2026-05-08T18:15:12.32133Z,charton,500k_scatter,ok,2.396289791,
20260508T181116Z,2026-05-08T18:15:16.927497Z,charton,5m_scatter,error,,Render error: SVG parsing error: ParsingFailed(NodesLimitReached)
20260508T181116Z,2026-05-08T18:15:17.685619Z,kuva,85k_line,ok,0.682171375,
20260508T181116Z,2026-05-08T18:15:18.919926Z,kuva,170k_line,ok,1.230536166,
20260508T181116Z,2026-05-08T18:15:26.417163Z,kuva,850k_line,ok,7.491404042,
20260508T181116Z,2026-05-08T18:15:26.43013Z,kuva,1m_histogram,ok,0.007789667,
20260508T181116Z,2026-05-08T18:15:26.468892Z,kuva,10m_histogram,ok,0.036008,
20260508T181116Z,2026-05-08T18:15:27.051532Z,kuva,500k_scatter,ok,0.574646958,
20260508T181116Z,2026-05-08T18:15:32.746391Z,kuva,5m_scatter,ok,5.685638042,
20260508T181116Z,2026-05-08T18:15:32.821494Z,plotters,85k_line,ok,0.014373042,
20260508T181116Z,2026-05-08T18:15:32.841212Z,plotters,170k_line,ok,0.015816834,
20260508T181116Z,2026-05-08T18:15:32.916448Z,plotters,850k_line,ok,0.067423417,
20260508T181116Z,2026-05-08T18:15:32.925047Z,plotters,1m_histogram,ok,0.002279667,
20260508T181116Z,2026-05-08T18:15:32.9513Z,plotters,10m_histogram,ok,0.002327958,
20260508T181116Z,2026-05-08T18:15:32.993201Z,plotters,500k_scatter,ok,0.030904,
20260508T181116Z,2026-05-08T18:15:33.304669Z,plotters,5m_scatter,ok,0.271487667,
20260508T181116Z,2026-05-08T18:15:33.967027Z,charton,85k_line,ok,0.645124,
20260508T181116Z,2026-05-08T18:15:35.263828Z,charton,170k_line,ok,1.293373583,
20260508T181116Z,2026-05-08T18:15:44.556734Z,charton,850k_line,ok,9.287082083,
20260508T181116Z,2026-05-08T18:15:44.629233Z,charton,1m_histogram,ok,0.06946275,
20260508T181116Z,2026-05-08T18:15:45.195261Z,charton,10m_histogram,ok,0.5629145,
20260508T181116Z,2026-05-08T18:15:47.598859Z,charton,500k_scatter,ok,2.397787083,
20260508T181116Z,2026-05-08T18:15:52.339068Z,charton,5m_scatter,error,,Render error: SVG parsing error: ParsingFailed(NodesLimitReached)
20260508T181116Z,2026-05-08T18:15:53.100273Z,kuva,85k_line,ok,0.686436416,
20260508T181116Z,2026-05-08T18:15:54.350314Z,kuva,170k_line,ok,1.246376333,
20260508T181116Z,2026-05-08T18:16:01.804497Z,kuva,850k_line,ok,7.4476525,
20260508T181116Z,2026-05-08T18:16:01.817195Z,kuva,1m_histogram,ok,0.00805575,
20260508T181116Z,2026-05-08T18:16:01.856209Z,kuva,10m_histogram,ok,0.035932167,
20260508T181116Z,2026-05-08T18:16:02.447438Z,kuva,500k_scatter,ok,0.5836975,
20260508T181116Z,2026-05-08T18:16:08.182176Z,kuva,5m_scatter,ok,5.72566225,
20260508T181116Z,2026-05-08T18:16:08.256803Z,plotters,85k_line,ok,0.014003541,
20260508T181116Z,2026-05-08T18:16:08.276452Z,plotters,170k_line,ok,0.015929,
20260508T181116Z,2026-05-08T18:16:08.355446Z,plotters,850k_line,ok,0.070464209,
20260508T181116Z,2026-05-08T18:16:08.3639Z,plotters,1m_histogram,ok,0.002259917,
20260508T181116Z,2026-05-08T18:16:08.390027Z,plotters,10m_histogram,ok,0.002383458,
20260508T181116Z,2026-05-08T18:16:08.431875Z,plotters,500k_scatter,ok,0.031010459,
20260508T181116Z,2026-05-08T18:16:08.743472Z,plotters,5m_scatter,ok,0.271434917,
20260508T181116Z,2026-05-08T18:16:09.40567Z,charton,85k_line,ok,0.645123625,
20260508T181116Z,2026-05-08T18:16:10.705395Z,charton,170k_line,ok,1.296333083,
20260508T181116Z,2026-05-08T18:16:22.036071Z,charton,850k_line,ok,11.32441225,
20260508T181116Z,2026-05-08T18:16:22.110266Z,charton,1m_histogram,ok,0.070364875,
20260508T181116Z,2026-05-08T18:16:22.679338Z,charton,10m_histogram,ok,0.56624575,
20260508T181116Z,2026-05-08T18:16:25.098842Z,charton,500k_scatter,ok,2.414187916,
20260508T181116Z,2026-05-08T18:16:29.892145Z,charton,5m_scatter,error,,Render error: SVG parsing error: ParsingFailed(NodesLimitReached)
20260508T181116Z,2026-05-08T18:16:30.663522Z,kuva,85k_line,ok,0.699410459,
20260508T181116Z,2026-05-08T18:16:31.92286Z,kuva,170k_line,ok,1.255835584,
20260508T181116Z,2026-05-08T18:16:39.798897Z,kuva,850k_line,ok,7.8697592499999995,
20260508T181116Z,2026-05-08T18:16:39.811442Z,kuva,1m_histogram,ok,0.007878042,
20260508T181116Z,2026-05-08T18:16:39.85038Z,kuva,10m_histogram,ok,0.0363345,
20260508T181116Z,2026-05-08T18:16:40.437266Z,kuva,500k_scatter,ok,0.579968625,
20260508T181116Z,2026-05-08T18:16:46.186854Z,kuva,5m_scatter,ok,5.739403959,
20260508T181116Z,2026-05-08T18:16:46.262052Z,plotters,85k_line,ok,0.01435375,
20260508T181116Z,2026-05-08T18:16:46.282467Z,plotters,170k_line,ok,0.016232791,
20260508T181116Z,2026-05-08T18:16:46.360151Z,plotters,850k_line,ok,0.069800917,
20260508T181116Z,2026-05-08T18:16:46.368278Z,plotters,1m_histogram,ok,0.00231975,
20260508T181116Z,2026-05-08T18:16:46.394061Z,plotters,10m_histogram,ok,0.002436875,
20260508T181116Z,2026-05-08T18:16:46.43559Z,plotters,500k_scatter,ok,0.031329708,
20260508T181116Z,2026-05-08T18:16:46.747312Z,plotters,5m_scatter,ok,0.271669667,
20260508T181116Z,2026-05-08T18:16:47.418743Z,charton,85k_line,ok,0.654283417,
20260508T181116Z,2026-05-08T18:16:48.717702Z,charton,170k_line,ok,1.295380625,
20260508T181116Z,2026-05-08T18:16:58.427129Z,charton,850k_line,ok,9.703791917,
20260508T181116Z,2026-05-08T18:16:58.500755Z,charton,1m_histogram,ok,0.070137083,
20260508T181116Z,2026-05-08T18:16:59.088756Z,charton,10m_histogram,ok,0.585479958,
20260508T181116Z,2026-05-08T18:17:01.530271Z,charton,500k_scatter,ok,2.4356075,
20260508T181116Z,2026-05-08T18:17:06.898196Z,charton,5m_scatter,error,,Render error: SVG parsing error: ParsingFailed(NodesLimitReached)
20260508T181116Z,2026-05-08T18:17:07.673694Z,kuva,85k_line,ok,0.707444833,
20260508T181116Z,2026-05-08T18:17:08.934259Z,kuva,170k_line,ok,1.256736958,
20260508T181116Z,2026-05-08T18:17:17.298194Z,kuva,850k_line,ok,8.357611666,
20260508T181116Z,2026-05-08T18:17:17.310976Z,kuva,1m_histogram,ok,0.0080075,
20260508T181116Z,2026-05-08T18:17:17.350437Z,kuva,10m_histogram,ok,0.036393208,
20260508T181116Z,2026-05-08T18:17:17.944047Z,kuva,500k_scatter,ok,0.585796458,
20260508T181116Z,2026-05-08T18:17:23.887643Z,kuva,5m_scatter,ok,5.933133041,
20260508T181116Z,2026-05-08T18:17:23.964274Z,plotters,85k_line,ok,0.0143845,
20260508T181116Z,2026-05-08T18:17:23.984778Z,plotters,170k_line,ok,0.016487334,
20260508T181116Z,2026-05-08T18:17:24.064655Z,plotters,850k_line,ok,0.07186375,
20260508T181116Z,2026-05-08T18:17:24.073471Z,plotters,1m_histogram,ok,0.00231625,
20260508T181116Z,2026-05-08T18:17:24.099431Z,plotters,10m_histogram,ok,0.002360792,
20260508T181116Z,2026-05-08T18:17:24.140733Z,plotters,500k_scatter,ok,0.0309615,
20260508T181116Z,2026-05-08T18:17:24.454127Z,plotters,5m_scatter,ok,0.27341725,
20260508T181116Z,2026-05-08T18:17:25.143166Z,charton,85k_line,ok,0.67172925,
20260508T181116Z,2026-05-08T18:17:26.507232Z,charton,170k_line,ok,1.36007725,
20260508T181116Z,2026-05-08T18:17:36.260754Z,charton,850k_line,ok,9.746841541,
20260508T181116Z,2026-05-08T18:17:36.341197Z,charton,1m_histogram,ok,0.077269458,
20260508T181116Z,2026-05-08T18:17:36.912586Z,charton,10m_histogram,ok,0.568307792,
20260508T181116Z,2026-05-08T18:17:39.313079Z,charton,500k_scatter,ok,2.394619625,
20260508T181116Z,2026-05-08T18:17:44.43662Z,charton,5m_scatter,error,,Render error: SVG parsing error: ParsingFailed(NodesLimitReached)
20260508T181116Z,2026-05-08T18:17:45.192822Z,kuva,85k_line,ok,0.686207291,
20260508T181116Z,2026-05-08T18:17:46.437993Z,kuva,170k_line,ok,1.241347875,
20260508T181116Z,2026-05-08T18:17:54.075801Z,kuva,850k_line,ok,7.631597541,
20260508T181116Z,2026-05-08T18:17:54.088812Z,kuva,1m_histogram,ok,0.007785625,
20260508T181116Z,2026-05-08T18:17:54.127835Z,kuva,10m_histogram,ok,0.036132125,
20260508T181116Z,2026-05-08T18:17:54.718092Z,kuva,500k_scatter,ok,0.582521625,
20260508T181116Z,2026-05-08T18:18:00.459653Z,kuva,5m_scatter,ok,5.731610792,
20260508T181116Z,2026-05-08T18:18:00.536803Z,plotters,85k_line,ok,0.014538625,
20260508T181116Z,2026-05-08T18:18:00.557137Z,plotters,170k_line,ok,0.016486958,
20260508T181116Z,2026-05-08T18:18:00.635368Z,plotters,850k_line,ok,0.069861125,
20260508T181116Z,2026-05-08T18:18:00.643819Z,plotters,1m_histogram,ok,0.0022,
20260508T181116Z,2026-05-08T18:18:00.67128Z,plotters,10m_histogram,ok,0.002293666,
20260508T181116Z,2026-05-08T18:18:00.71252Z,plotters,500k_scatter,ok,0.03061375,
20260508T181116Z,2026-05-08T18:18:01.021969Z,plotters,5m_scatter,ok,0.269350708,
20260509T150253Z,2026-05-09T15:02:58.144808Z,charton,1k_line,ok,0.094066917,
20260509T150253Z,2026-05-09T15:02:58.187459Z,charton,5k_line,ok,0.040424417,
20260509T150253Z,2026-05-09T15:02:58.828904Z,charton,85k_line,ok,0.637341875,
20260509T150253Z,2026-05-09T15:03:00.124543Z,charton,170k_line,ok,1.2918339589999999,
20260509T150253Z,2026-05-09T15:03:09.602062Z,charton,850k_line,ok,9.471206708,
20260509T150253Z,2026-05-09T15:03:09.62486Z,charton,2k_histogram,ok,0.019641667,
20260509T150253Z,2026-05-09T15:03:09.639487Z,charton,10k_histogram,ok,0.013538917,
20260509T150253Z,2026-05-09T15:03:09.708285Z,charton,1m_histogram,ok,0.065905334,
20260509T150253Z,2026-05-09T15:03:10.249635Z,charton,10m_histogram,ok,0.538589,
20260509T150253Z,2026-05-09T15:03:10.27228Z,charton,1k_scatter,ok,0.017406833,
20260509T150253Z,2026-05-09T15:03:10.310576Z,charton,5k_scatter,ok,0.035662083,
20260509T150253Z,2026-05-09T15:03:12.626352Z,charton,500k_scatter,ok,2.309530708,
20260509T150253Z,2026-05-09T15:03:17.854092Z,charton,5m_scatter,error,,Render error: SVG parsing error: ParsingFailed(NodesLimitReached)
20260509T150253Z,2026-05-09T15:03:18.517787Z,kuva,1k_line,ok,0.032009667,
20260509T150253Z,2026-05-09T15:03:18.551987Z,kuva,5k_line,ok,0.03183075,
20260509T150253Z,2026-05-09T15:03:19.178895Z,kuva,85k_line,ok,0.622819958,
20260509T150253Z,2026-05-09T15:03:20.41407Z,kuva,170k_line,ok,1.231382792,
20260509T150253Z,2026-05-09T15:03:28.140258Z,kuva,850k_line,ok,7.719889875,
20260509T150253Z,2026-05-09T15:03:28.147183Z,kuva,2k_histogram,ok,0.004817916,
20260509T150253Z,2026-05-09T15:03:28.152252Z,kuva,10k_histogram,ok,0.003953458,
20260509T150253Z,2026-05-09T15:03:28.162502Z,kuva,1m_histogram,ok,0.007891125,
20260509T150253Z,2026-05-09T15:03:28.201292Z,kuva,10m_histogram,ok,0.035620584,
20260509T150253Z,2026-05-09T15:03:28.208921Z,kuva,1k_scatter,ok,0.005219709,
20260509T150253Z,2026-05-09T15:03:28.220718Z,kuva,5k_scatter,ok,0.00985025,
20260509T150253Z,2026-05-09T15:03:28.816423Z,kuva,500k_scatter,ok,0.589434042,
20260509T150253Z,2026-05-09T15:03:34.519699Z,kuva,5m_scatter,ok,5.691906333,
20260509T150253Z,2026-05-09T15:03:35.147612Z,plotters,1k_line,ok,0.013330584,
20260509T150253Z,2026-05-09T15:03:35.15571Z,plotters,5k_line,ok,0.00487275,
20260509T150253Z,2026-05-09T15:03:35.172572Z,plotters,85k_line,ok,0.011846625,
20260509T150253Z,2026-05-09T15:03:35.193915Z,plotters,170k_line,ok,0.017480334,
20260509T150253Z,2026-05-09T15:03:35.270728Z,plotters,850k_line,ok,0.068470667,
20260509T150253Z,2026-05-09T15:03:35.274505Z,plotters,2k_histogram,ok,0.002325333,
20260509T150253Z,2026-05-09T15:03:35.277803Z,plotters,10k_histogram,ok,0.002065958,
20260509T150253Z,2026-05-09T15:03:35.284783Z,plotters,1m_histogram,ok,0.0023895,
20260509T150253Z,2026-05-09T15:03:35.311016Z,plotters,10m_histogram,ok,0.002255541,
20260509T150253Z,2026-05-09T15:03:35.315639Z,plotters,1k_scatter,ok,0.002177875,
20260509T150253Z,2026-05-09T15:03:35.320446Z,plotters,5k_scatter,ok,0.00249675,
20260509T150253Z,2026-05-09T15:03:35.359806Z,plotters,500k_scatter,ok,0.029941292,
20260509T150253Z,2026-05-09T15:03:35.661519Z,plotters,5m_scatter,ok,0.262426125,
20260509T150253Z,2026-05-09T15:03:35.70552Z,charton,1k_line,ok,0.024539416,
20260509T150253Z,2026-05-09T15:03:35.748158Z,charton,5k_line,ok,0.04080825,
20260509T150253Z,2026-05-09T15:03:36.394977Z,charton,85k_line,ok,0.643632708,
20260509T150253Z,2026-05-09T15:03:37.787683Z,charton,170k_line,ok,1.388447417,
20260509T150253Z,2026-05-09T15:03:48.650531Z,charton,850k_line,ok,10.856476375,
20260509T150253Z,2026-05-09T15:03:48.668256Z,charton,2k_histogram,ok,0.016167333,
20260509T150253Z,2026-05-09T15:03:48.687003Z,charton,10k_histogram,ok,0.017447041,
20260509T150253Z,2026-05-09T15:03:48.758457Z,charton,1m_histogram,ok,0.067737667,
20260509T150253Z,2026-05-09T15:03:49.313732Z,charton,10m_histogram,ok,0.553039792,
20260509T150253Z,2026-05-09T15:03:49.336507Z,charton,1k_scatter,ok,0.020461875,
20260509T150253Z,2026-05-09T15:03:49.378225Z,charton,5k_scatter,ok,0.039022792,
20260509T150253Z,2026-05-09T15:03:51.715824Z,charton,500k_scatter,ok,2.332337833,
20260509T150253Z,2026-05-09T15:03:57.076818Z,charton,5m_scatter,error,,Render error: SVG parsing error: ParsingFailed(NodesLimitReached)
20260509T150253Z,2026-05-09T15:03:57.190308Z,kuva,1k_line,ok,0.05292375,
20260509T150253Z,2026-05-09T15:03:57.220845Z,kuva,5k_line,ok,0.028029292,
20260509T150253Z,2026-05-09T15:03:57.908368Z,kuva,85k_line,ok,0.68083975,
20260509T150253Z,2026-05-09T15:03:59.19911Z,kuva,170k_line,ok,1.286966083,
20260509T150253Z,2026-05-09T15:04:07.007348Z,kuva,850k_line,ok,7.801201541,
20260509T150253Z,2026-05-09T15:04:07.014781Z,kuva,2k_histogram,ok,0.004986083,
20260509T150253Z,2026-05-09T15:04:07.020094Z,kuva,10k_histogram,ok,0.00387375,
20260509T150253Z,2026-05-09T15:04:07.030237Z,kuva,1m_histogram,ok,0.00740975,
20260509T150253Z,2026-05-09T15:04:07.069658Z,kuva,10m_histogram,ok,0.036660625,
20260509T150253Z,2026-05-09T15:04:07.077267Z,kuva,1k_scatter,ok,0.005154542,
20260509T150253Z,2026-05-09T15:04:07.089033Z,kuva,5k_scatter,ok,0.009622542,
20260509T150253Z,2026-05-09T15:04:07.670448Z,kuva,500k_scatter,ok,0.574976292,
20260509T150253Z,2026-05-09T15:04:13.39999Z,kuva,5m_scatter,ok,5.719774542,
20260509T150253Z,2026-05-09T15:04:13.461371Z,plotters,1k_line,ok,0.007361583,
20260509T150253Z,2026-05-09T15:04:13.466618Z,plotters,5k_line,ok,0.002912375,
20260509T150253Z,2026-05-09T15:04:13.480689Z,plotters,85k_line,ok,0.008844166,
20260509T150253Z,2026-05-09T15:04:13.500448Z,plotters,170k_line,ok,0.015793958,
20260509T150253Z,2026-05-09T15:04:13.577829Z,plotters,850k_line,ok,0.0687135,
20260509T150253Z,2026-05-09T15:04:13.582722Z,plotters,2k_histogram,ok,0.002770625,
20260509T150253Z,2026-05-09T15:04:13.586854Z,plotters,10k_histogram,ok,0.002505709,
20260509T150253Z,2026-05-09T15:04:13.594358Z,plotters,1m_histogram,ok,0.002476708,
20260509T150253Z,2026-05-09T15:04:13.622597Z,plotters,10m_histogram,ok,0.002251083,
20260509T150253Z,2026-05-09T15:04:13.627966Z,plotters,1k_scatter,ok,0.002418375,
20260509T150253Z,2026-05-09T15:04:13.632409Z,plotters,5k_scatter,ok,0.002434458,
20260509T150253Z,2026-05-09T15:04:13.670315Z,plotters,500k_scatter,ok,0.029400292,
20260509T150253Z,2026-05-09T15:04:13.973689Z,plotters,5m_scatter,ok,0.262184708,
20260509T150253Z,2026-05-09T15:04:14.01676Z,charton,1k_line,ok,0.026894958,
20260509T150253Z,2026-05-09T15:04:14.059862Z,charton,5k_line,ok,0.041183083,
20260509T150253Z,2026-05-09T15:04:14.707646Z,charton,85k_line,ok,0.644044875,
20260509T150253Z,2026-05-09T15:04:16.062067Z,charton,170k_line,ok,1.3502815830000001,
20260509T150253Z,2026-05-09T15:04:26.42232Z,charton,850k_line,ok,10.352762292,
20260509T150253Z,2026-05-09T15:04:26.438723Z,charton,2k_histogram,ok,0.01503125,
20260509T150253Z,2026-05-09T15:04:26.454749Z,charton,10k_histogram,ok,0.014568292,
20260509T150253Z,2026-05-09T15:04:26.524921Z,charton,1m_histogram,ok,0.067214291,
20260509T150253Z,2026-05-09T15:04:27.076108Z,charton,10m_histogram,ok,0.548247459,
20260509T150253Z,2026-05-09T15:04:27.096458Z,charton,1k_scatter,ok,0.01801525,
20260509T150253Z,2026-05-09T15:04:27.136414Z,charton,5k_scatter,ok,0.037845708,
20260509T150253Z,2026-05-09T15:04:29.501987Z,charton,500k_scatter,ok,2.36012125,
20260509T150253Z,2026-05-09T15:04:34.650556Z,charton,5m_scatter,error,,Render error: SVG parsing error: ParsingFailed(NodesLimitReached)
20260509T150253Z,2026-05-09T15:04:34.77501Z,kuva,1k_line,ok,0.058233333,
20260509T150253Z,2026-05-09T15:04:34.807887Z,kuva,5k_line,ok,0.029714708,
20260509T150253Z,2026-05-09T15:04:35.450029Z,kuva,85k_line,ok,0.636334542,
20260509T150253Z,2026-05-09T15:04:36.690452Z,kuva,170k_line,ok,1.236163625,
20260509T150253Z,2026-05-09T15:04:44.513113Z,kuva,850k_line,ok,7.816533042,
20260509T150253Z,2026-05-09T15:04:44.520262Z,kuva,2k_histogram,ok,0.004789084,
20260509T150253Z,2026-05-09T15:04:44.525396Z,kuva,10k_histogram,ok,0.003855792,
20260509T150253Z,2026-05-09T15:04:44.53587Z,kuva,1m_histogram,ok,0.007446875,
20260509T150253Z,2026-05-09T15:04:44.578738Z,kuva,10m_histogram,ok,0.0397175,
20260509T150253Z,2026-05-09T15:04:44.587853Z,kuva,1k_scatter,ok,0.005433,
20260509T150253Z,2026-05-09T15:04:44.599783Z,kuva,5k_scatter,ok,0.010043708,
20260509T150253Z,2026-05-09T15:04:45.186138Z,kuva,500k_scatter,ok,0.580701666,
20260509T150253Z,2026-05-09T15:04:50.897015Z,kuva,5m_scatter,ok,5.701024209,
20260509T150253Z,2026-05-09T15:04:50.959437Z,plotters,1k_line,ok,0.007158417,
20260509T150253Z,2026-05-09T15:04:50.964998Z,plotters,5k_line,ok,0.003015167,
20260509T150253Z,2026-05-09T15:04:50.978521Z,plotters,85k_line,ok,0.008649208,
20260509T150253Z,2026-05-09T15:04:50.998298Z,plotters,170k_line,ok,0.01604375,
20260509T150253Z,2026-05-09T15:04:51.076687Z,plotters,850k_line,ok,0.070001334,
20260509T150253Z,2026-05-09T15:04:51.080919Z,plotters,2k_histogram,ok,0.002062958,
20260509T150253Z,2026-05-09T15:04:51.084217Z,plotters,10k_histogram,ok,0.002113875,
20260509T150253Z,2026-05-09T15:04:51.091284Z,plotters,1m_histogram,ok,0.002403666,
20260509T150253Z,2026-05-09T15:04:51.118223Z,plotters,10m_histogram,ok,0.002248,
20260509T150253Z,2026-05-09T15:04:51.123355Z,plotters,1k_scatter,ok,0.002191166,
20260509T150253Z,2026-05-09T15:04:51.127787Z,plotters,5k_scatter,ok,0.002429542,
20260509T150253Z,2026-05-09T15:04:51.165886Z,plotters,500k_scatter,ok,0.029589208,
20260509T150253Z,2026-05-09T15:04:51.471761Z,plotters,5m_scatter,ok,0.264696625,
20260509T150253Z,2026-05-09T15:04:51.512592Z,charton,1k_line,ok,0.024529708,
20260509T150253Z,2026-05-09T15:04:51.555974Z,charton,5k_line,ok,0.041042916,
20260509T150253Z,2026-05-09T15:04:52.20485Z,charton,85k_line,ok,0.645329375,
20260509T150253Z,2026-05-09T15:04:53.497778Z,charton,170k_line,ok,1.2890115,
20260509T150253Z,2026-05-09T15:05:03.090275Z,charton,850k_line,ok,9.5856735,
20260509T150253Z,2026-05-09T15:05:03.1077Z,charton,2k_histogram,ok,0.015843334,
20260509T150253Z,2026-05-09T15:05:03.125584Z,charton,10k_histogram,ok,0.016455625,
20260509T150253Z,2026-05-09T15:05:03.196974Z,charton,1m_histogram,ok,0.06911075,
20260509T150253Z,2026-05-09T15:05:03.74929Z,charton,10m_histogram,ok,0.549991041,
20260509T150253Z,2026-05-09T15:05:03.769946Z,charton,1k_scatter,ok,0.01829075,
20260509T150253Z,2026-05-09T15:05:03.810005Z,charton,5k_scatter,ok,0.037647416,
20260509T150253Z,2026-05-09T15:05:06.181739Z,charton,500k_scatter,ok,2.366217459,
20260509T150253Z,2026-05-09T15:05:11.254557Z,charton,5m_scatter,error,,Render error: SVG parsing error: ParsingFailed(NodesLimitReached)
20260509T150253Z,2026-05-09T15:05:11.3791Z,kuva,1k_line,ok,0.054168458,
20260509T150253Z,2026-05-09T15:05:11.41227Z,kuva,5k_line,ok,0.030540708,
20260509T150253Z,2026-05-09T15:05:12.053184Z,kuva,85k_line,ok,0.635139291,
20260509T150253Z,2026-05-09T15:05:13.290026Z,kuva,170k_line,ok,1.232282375,
20260509T150253Z,2026-05-09T15:05:21.12141Z,kuva,850k_line,ok,7.825424542,
20260509T150253Z,2026-05-09T15:05:21.129015Z,kuva,2k_histogram,ok,0.004817667,
20260509T150253Z,2026-05-09T15:05:21.134113Z,kuva,10k_histogram,ok,0.00387425,
20260509T150253Z,2026-05-09T15:05:21.145385Z,kuva,1m_histogram,ok,0.007789083,
20260509T150253Z,2026-05-09T15:05:21.184017Z,kuva,10m_histogram,ok,0.035793709,
20260509T150253Z,2026-05-09T15:05:21.193201Z,kuva,1k_scatter,ok,0.00537025,
20260509T150253Z,2026-05-09T15:05:21.205197Z,kuva,5k_scatter,ok,0.009992084,
20260509T150253Z,2026-05-09T15:05:21.796629Z,kuva,500k_scatter,ok,0.585649709,
20260509T150253Z,2026-05-09T15:05:27.591527Z,kuva,5m_scatter,ok,5.7856419169999995,
20260509T150253Z,2026-05-09T15:05:27.658143Z,plotters,1k_line,ok,0.008381542,
20260509T150253Z,2026-05-09T15:05:27.664047Z,plotters,5k_line,ok,0.003290583,
20260509T150253Z,2026-05-09T15:05:27.678205Z,plotters,85k_line,ok,0.009230792,
20260509T150253Z,2026-05-09T15:05:27.69923Z,plotters,170k_line,ok,0.016806625,
20260509T150253Z,2026-05-09T15:05:27.777923Z,plotters,850k_line,ok,0.070320167,
20260509T150253Z,2026-05-09T15:05:27.78221Z,plotters,2k_histogram,ok,0.002116125,
20260509T150253Z,2026-05-09T15:05:27.785433Z,plotters,10k_histogram,ok,0.002045041,
20260509T150253Z,2026-05-09T15:05:27.791934Z,plotters,1m_histogram,ok,0.002199208,
20260509T150253Z,2026-05-09T15:05:27.8186Z,plotters,10m_histogram,ok,0.002396208,
20260509T150253Z,2026-05-09T15:05:27.824502Z,plotters,1k_scatter,ok,0.002319875,
20260509T150253Z,2026-05-09T15:05:27.829362Z,plotters,5k_scatter,ok,0.002554709,
20260509T150253Z,2026-05-09T15:05:27.869295Z,plotters,500k_scatter,ok,0.030587666,
20260509T150253Z,2026-05-09T15:05:28.175651Z,plotters,5m_scatter,ok,0.266902125,
20260509T150253Z,2026-05-09T15:05:28.221552Z,charton,1k_line,ok,0.027663584,
20260509T150253Z,2026-05-09T15:05:28.268018Z,charton,5k_line,ok,0.0440265,
20260509T150253Z,2026-05-09T15:05:28.970768Z,charton,85k_line,ok,0.699417208,
20260509T150253Z,2026-05-09T15:05:30.366639Z,charton,170k_line,ok,1.39216175,
20260509T150253Z,2026-05-09T15:05:41.088337Z,charton,850k_line,ok,10.7156195,
20260509T150253Z,2026-05-09T15:05:41.106135Z,charton,2k_histogram,ok,0.015949791,
20260509T150253Z,2026-05-09T15:05:41.123081Z,charton,10k_histogram,ok,0.01554075,
20260509T150253Z,2026-05-09T15:05:41.194817Z,charton,1m_histogram,ok,0.068993291,
20260509T150253Z,2026-05-09T15:05:41.751408Z,charton,10m_histogram,ok,0.553442666,
20260509T150253Z,2026-05-09T15:05:41.773647Z,charton,1k_scatter,ok,0.019522459,
20260509T150253Z,2026-05-09T15:05:41.813502Z,charton,5k_scatter,ok,0.037736125,
20260509T150253Z,2026-05-09T15:05:44.224423Z,charton,500k_scatter,ok,2.405764541,
20260509T150253Z,2026-05-09T15:05:49.347548Z,charton,5m_scatter,error,,Render error: SVG parsing error: ParsingFailed(NodesLimitReached)
20260509T150253Z,2026-05-09T15:05:49.4691Z,kuva,1k_line,ok,0.054843958,
20260509T150253Z,2026-05-09T15:05:49.50164Z,kuva,5k_line,ok,0.029928625,
20260509T150253Z,2026-05-09T15:05:50.155566Z,kuva,85k_line,ok,0.647149125,
20260509T150253Z,2026-05-09T15:05:51.418157Z,kuva,170k_line,ok,1.259058083,
20260509T150253Z,2026-05-09T15:05:59.347382Z,kuva,850k_line,ok,7.922938792,
20260509T150253Z,2026-05-09T15:05:59.355092Z,kuva,2k_histogram,ok,0.004803958,
20260509T150253Z,2026-05-09T15:05:59.360607Z,kuva,10k_histogram,ok,0.00425075,
20260509T150253Z,2026-05-09T15:05:59.371399Z,kuva,1m_histogram,ok,0.007616875,
20260509T150253Z,2026-05-09T15:05:59.410454Z,kuva,10m_histogram,ok,0.036835208,
20260509T150253Z,2026-05-09T15:05:59.41992Z,kuva,1k_scatter,ok,0.005636917,
20260509T150253Z,2026-05-09T15:05:59.432534Z,kuva,5k_scatter,ok,0.010364,
20260509T150253Z,2026-05-09T15:06:00.035044Z,kuva,500k_scatter,ok,0.596320417,
20260509T150253Z,2026-05-09T15:06:05.929856Z,kuva,5m_scatter,ok,5.884490417,
20260509T150253Z,2026-05-09T15:06:05.993752Z,plotters,1k_line,ok,0.007467625,
20260509T150253Z,2026-05-09T15:06:05.999157Z,plotters,5k_line,ok,0.002923375,
20260509T150253Z,2026-05-09T15:06:06.012894Z,plotters,85k_line,ok,0.008897375,
20260509T150253Z,2026-05-09T15:06:06.033014Z,plotters,170k_line,ok,0.016440834,
20260509T150253Z,2026-05-09T15:06:06.109527Z,plotters,850k_line,ok,0.067338167,
20260509T150253Z,2026-05-09T15:06:06.114864Z,plotters,2k_histogram,ok,0.002238583,
20260509T150253Z,2026-05-09T15:06:06.11809Z,plotters,10k_histogram,ok,0.002007625,
20260509T150253Z,2026-05-09T15:06:06.125357Z,plotters,1m_histogram,ok,0.002339584,
20260509T150253Z,2026-05-09T15:06:06.151649Z,plotters,10m_histogram,ok,0.002358584,
20260509T150253Z,2026-05-09T15:06:06.157505Z,plotters,1k_scatter,ok,0.002282959,
20260509T150253Z,2026-05-09T15:06:06.162306Z,plotters,5k_scatter,ok,0.002500458,
20260509T150253Z,2026-05-09T15:06:06.201731Z,plotters,500k_scatter,ok,0.030541792,
20260509T150253Z,2026-05-09T15:06:06.511046Z,plotters,5m_scatter,ok,0.268306458,
20260509T150253Z,2026-05-09T15:06:06.548134Z,charton,1k_line,ok,0.021046417,
20260509T150253Z,2026-05-09T15:06:06.592647Z,charton,5k_line,ok,0.042352208,
20260509T150253Z,2026-05-09T15:06:07.240452Z,charton,85k_line,ok,0.644036,
20260509T150253Z,2026-05-09T15:06:08.546702Z,charton,170k_line,ok,1.30226975,
20260509T150253Z,2026-05-09T15:06:17.93401Z,charton,850k_line,ok,9.380164333,
20260509T150253Z,2026-05-09T15:06:17.950804Z,charton,2k_histogram,ok,0.015284625,
20260509T150253Z,2026-05-09T15:06:17.966555Z,charton,10k_histogram,ok,0.014400166,
20260509T150253Z,2026-05-09T15:06:18.03822Z,charton,1m_histogram,ok,0.068953375,
20260509T150253Z,2026-05-09T15:06:18.60215Z,charton,10m_histogram,ok,0.561117917,
20260509T150253Z,2026-05-09T15:06:18.623409Z,charton,1k_scatter,ok,0.018983083,
20260509T150253Z,2026-05-09T15:06:18.664065Z,charton,5k_scatter,ok,0.03806575,
20260509T150253Z,2026-05-09T15:06:21.063377Z,charton,500k_scatter,ok,2.393979542,
20260509T150253Z,2026-05-09T15:06:26.112948Z,charton,5m_scatter,error,,Render error: SVG parsing error: ParsingFailed(NodesLimitReached)
20260509T150253Z,2026-05-09T15:06:26.236437Z,kuva,1k_line,ok,0.053098083,
20260509T150253Z,2026-05-09T15:06:26.268522Z,kuva,5k_line,ok,0.0295845,
20260509T150253Z,2026-05-09T15:06:26.911015Z,kuva,85k_line,ok,0.636709792,
20260509T150253Z,2026-05-09T15:06:28.152671Z,kuva,170k_line,ok,1.237408209,
20260509T150253Z,2026-05-09T15:06:36.151087Z,kuva,850k_line,ok,7.992325292,
20260509T150253Z,2026-05-09T15:06:36.159079Z,kuva,2k_histogram,ok,0.004883708,
20260509T150253Z,2026-05-09T15:06:36.164335Z,kuva,10k_histogram,ok,0.003965542,
20260509T150253Z,2026-05-09T15:06:36.174727Z,kuva,1m_histogram,ok,0.007623917,
20260509T150253Z,2026-05-09T15:06:36.218316Z,kuva,10m_histogram,ok,0.040286792,
20260509T150253Z,2026-05-09T15:06:36.22781Z,kuva,1k_scatter,ok,0.005570958,
20260509T150253Z,2026-05-09T15:06:36.239799Z,kuva,5k_scatter,ok,0.010040542,
20260509T150253Z,2026-05-09T15:06:36.827891Z,kuva,500k_scatter,ok,0.582308709,
20260509T150253Z,2026-05-09T15:06:42.624061Z,kuva,5m_scatter,ok,5.786886083,
20260509T150253Z,2026-05-09T15:06:42.688113Z,plotters,1k_line,ok,0.007568833,
20260509T150253Z,2026-05-09T15:06:42.693444Z,plotters,5k_line,ok,0.002888959,
20260509T150253Z,2026-05-09T15:06:42.708208Z,plotters,85k_line,ok,0.009190917,
20260509T150253Z,2026-05-09T15:06:42.729045Z,plotters,170k_line,ok,0.016990917,
20260509T150253Z,2026-05-09T15:06:42.807844Z,plotters,850k_line,ok,0.070735458,
20260509T150253Z,2026-05-09T15:06:42.813066Z,plotters,2k_histogram,ok,0.00216975,
20260509T150253Z,2026-05-09T15:06:42.816492Z,plotters,10k_histogram,ok,0.002132541,
20260509T150253Z,2026-05-09T15:06:42.823982Z,plotters,1m_histogram,ok,0.002595792,
20260509T150253Z,2026-05-09T15:06:42.850733Z,plotters,10m_histogram,ok,0.002202625,
20260509T150253Z,2026-05-09T15:06:42.856833Z,plotters,1k_scatter,ok,0.002600917,
20260509T150253Z,2026-05-09T15:06:42.861932Z,plotters,5k_scatter,ok,0.002778458,
20260509T150253Z,2026-05-09T15:06:42.902194Z,plotters,500k_scatter,ok,0.030991708,
20260509T150253Z,2026-05-09T15:06:43.21045Z,plotters,5m_scatter,ok,0.267605917,
20260509T150253Z,2026-05-09T15:06:43.246717Z,charton,1k_line,ok,0.019856083,
20260509T150253Z,2026-05-09T15:06:43.290545Z,charton,5k_line,ok,0.041873541,
20260509T150253Z,2026-05-09T15:06:43.942895Z,charton,85k_line,ok,0.648452292,
20260509T150253Z,2026-05-09T15:06:45.24103Z,charton,170k_line,ok,1.294416917,
20260509T150253Z,2026-05-09T15:06:55.784169Z,charton,850k_line,ok,10.535614792,
20260509T150253Z,2026-05-09T15:06:55.806468Z,charton,2k_histogram,ok,0.020745,
20260509T150253Z,2026-05-09T15:06:55.823146Z,charton,10k_histogram,ok,0.01537875,
20260509T150253Z,2026-05-09T15:06:55.897376Z,charton,1m_histogram,ok,0.07036,
20260509T150253Z,2026-05-09T15:06:56.460058Z,charton,10m_histogram,ok,0.559706542,
20260509T150253Z,2026-05-09T15:06:56.484913Z,charton,1k_scatter,ok,0.021401291,
20260509T150253Z,2026-05-09T15:06:56.526832Z,charton,5k_scatter,ok,0.039357208,
20260509T150253Z,2026-05-09T15:06:58.939868Z,charton,500k_scatter,ok,2.4072991249999998,
20260509T150253Z,2026-05-09T15:07:04.065244Z,charton,5m_scatter,error,,Render error: SVG parsing error: ParsingFailed(NodesLimitReached)
20260509T150253Z,2026-05-09T15:07:04.193668Z,kuva,1k_line,ok,0.056187875,
20260509T150253Z,2026-05-09T15:07:04.225603Z,kuva,5k_line,ok,0.029454541,
20260509T150253Z,2026-05-09T15:07:04.884541Z,kuva,85k_line,ok,0.653210333,
20260509T150253Z,2026-05-09T15:07:06.146239Z,kuva,170k_line,ok,1.257147958,
20260509T150253Z,2026-05-09T15:07:14.812101Z,kuva,850k_line,ok,8.6599685,
20260509T150253Z,2026-05-09T15:07:14.819754Z,kuva,2k_histogram,ok,0.004982208,
20260509T150253Z,2026-05-09T15:07:14.825443Z,kuva,10k_histogram,ok,0.004403458,
20260509T150253Z,2026-05-09T15:07:14.836607Z,kuva,1m_histogram,ok,0.007558917,
20260509T150253Z,2026-05-09T15:07:14.875942Z,kuva,10m_histogram,ok,0.036986375,
20260509T150253Z,2026-05-09T15:07:14.885088Z,kuva,1k_scatter,ok,0.005502583,
20260509T150253Z,2026-05-09T15:07:14.897354Z,kuva,5k_scatter,ok,0.009798042,
20260509T150253Z,2026-05-09T15:07:15.493798Z,kuva,500k_scatter,ok,0.589798916,
20260509T150253Z,2026-05-09T15:07:21.326181Z,kuva,5m_scatter,ok,5.822563625,
20260509T150253Z,2026-05-09T15:07:21.393147Z,plotters,1k_line,ok,0.00805025,
20260509T150253Z,2026-05-09T15:07:21.398918Z,plotters,5k_line,ok,0.002906875,
20260509T150253Z,2026-05-09T15:07:21.41435Z,plotters,85k_line,ok,0.009419541,
20260509T150253Z,2026-05-09T15:07:21.434796Z,plotters,170k_line,ok,0.016784166,
20260509T150253Z,2026-05-09T15:07:21.514689Z,plotters,850k_line,ok,0.070773292,
20260509T150253Z,2026-05-09T15:07:21.519565Z,plotters,2k_histogram,ok,0.002256292,
20260509T150253Z,2026-05-09T15:07:21.523063Z,plotters,10k_histogram,ok,0.002101208,
20260509T150253Z,2026-05-09T15:07:21.529806Z,plotters,1m_histogram,ok,0.002274541,
20260509T150253Z,2026-05-09T15:07:21.55527Z,plotters,10m_histogram,ok,0.002516333,
20260509T150253Z,2026-05-09T15:07:21.56155Z,plotters,1k_scatter,ok,0.002627167,
20260509T150253Z,2026-05-09T15:07:21.566699Z,plotters,5k_scatter,ok,0.002767792,
20260509T150253Z,2026-05-09T15:07:21.606338Z,plotters,500k_scatter,ok,0.029997833,
20260509T150253Z,2026-05-09T15:07:21.916248Z,plotters,5m_scatter,ok,0.269318167,
20260509T150253Z,2026-05-09T15:07:21.958424Z,charton,1k_line,ok,0.025489416,
20260509T150253Z,2026-05-09T15:07:22.00384Z,charton,5k_line,ok,0.043242708,
20260509T150253Z,2026-05-09T15:07:22.662966Z,charton,85k_line,ok,0.654941416,
20260509T150253Z,2026-05-09T15:07:23.990391Z,charton,170k_line,ok,1.323164916,
20260509T150253Z,2026-05-09T15:07:34.057962Z,charton,850k_line,ok,10.060556583,
20260509T150253Z,2026-05-09T15:07:34.074712Z,charton,2k_histogram,ok,0.015263209,
20260509T150253Z,2026-05-09T15:07:34.090432Z,charton,10k_histogram,ok,0.014518292,
20260509T150253Z,2026-05-09T15:07:34.162756Z,charton,1m_histogram,ok,0.069218,
20260509T150253Z,2026-05-09T15:07:34.725192Z,charton,10m_histogram,ok,0.559679333,
20260509T150253Z,2026-05-09T15:07:34.745858Z,charton,1k_scatter,ok,0.018281292,
20260509T150253Z,2026-05-09T15:07:34.786466Z,charton,5k_scatter,ok,0.038359125,
20260509T150253Z,2026-05-09T15:07:37.198764Z,charton,500k_scatter,ok,2.40683925,
20260509T150253Z,2026-05-09T15:07:42.390402Z,charton,5m_scatter,error,,Render error: SVG parsing error: ParsingFailed(NodesLimitReached)
20260509T150253Z,2026-05-09T15:07:42.52029Z,kuva,1k_line,ok,0.054627,
20260509T150253Z,2026-05-09T15:07:42.552929Z,kuva,5k_line,ok,0.030114834,
20260509T150253Z,2026-05-09T15:07:43.205554Z,kuva,85k_line,ok,0.646709916,
20260509T150253Z,2026-05-09T15:07:44.446942Z,kuva,170k_line,ok,1.23633725,
20260509T150253Z,2026-05-09T15:07:52.383153Z,kuva,850k_line,ok,7.930224167,
20260509T150253Z,2026-05-09T15:07:52.391338Z,kuva,2k_histogram,ok,0.005536792,
20260509T150253Z,2026-05-09T15:07:52.396642Z,kuva,10k_histogram,ok,0.003917458,
20260509T150253Z,2026-05-09T15:07:52.407739Z,kuva,1m_histogram,ok,0.007754417,
20260509T150253Z,2026-05-09T15:07:52.447191Z,kuva,10m_histogram,ok,0.037152958,
20260509T150253Z,2026-05-09T15:07:52.456352Z,kuva,1k_scatter,ok,0.005757208,
20260509T150253Z,2026-05-09T15:07:52.468777Z,kuva,5k_scatter,ok,0.010180208,
20260509T150253Z,2026-05-09T15:07:53.064099Z,kuva,500k_scatter,ok,0.588858917,
20260509T150253Z,2026-05-09T15:07:58.954668Z,kuva,5m_scatter,ok,5.880453125,
20260509T150253Z,2026-05-09T15:07:59.021143Z,plotters,1k_line,ok,0.007394875,
20260509T150253Z,2026-05-09T15:07:59.02656Z,plotters,5k_line,ok,0.002948792,
20260509T150253Z,2026-05-09T15:07:59.041261Z,plotters,85k_line,ok,0.009190083,
20260509T150253Z,2026-05-09T15:07:59.061453Z,plotters,170k_line,ok,0.016571333,
20260509T150253Z,2026-05-09T15:07:59.141399Z,plotters,850k_line,ok,0.071532583,
20260509T150253Z,2026-05-09T15:07:59.146628Z,plotters,2k_histogram,ok,0.002189458,
20260509T150253Z,2026-05-09T15:07:59.149949Z,plotters,10k_histogram,ok,0.002090958,
20260509T150253Z,2026-05-09T15:07:59.156672Z,plotters,1m_histogram,ok,0.00221825,
20260509T150253Z,2026-05-09T15:07:59.183238Z,plotters,10m_histogram,ok,0.002469625,
20260509T150253Z,2026-05-09T15:07:59.189305Z,plotters,1k_scatter,ok,0.002530583,
20260509T150253Z,2026-05-09T15:07:59.194282Z,plotters,5k_scatter,ok,0.002641375,
20260509T150253Z,2026-05-09T15:07:59.233703Z,plotters,500k_scatter,ok,0.030502417,
20260509T150253Z,2026-05-09T15:07:59.542657Z,plotters,5m_scatter,ok,0.269005542,
20260509T150253Z,2026-05-09T15:07:59.583722Z,charton,1k_line,ok,0.025695125,
20260509T150253Z,2026-05-09T15:07:59.627766Z,charton,5k_line,ok,0.042122791,
20260509T150253Z,2026-05-09T15:08:00.287277Z,charton,85k_line,ok,0.656074708,
20260509T150253Z,2026-05-09T15:08:01.637572Z,charton,170k_line,ok,1.3464960000000001,
20260509T150253Z,2026-05-09T15:08:12.027326Z,charton,850k_line,ok,10.381857458,
20260509T150253Z,2026-05-09T15:08:12.044299Z,charton,2k_histogram,ok,0.015627625,
20260509T150253Z,2026-05-09T15:08:12.061345Z,charton,10k_histogram,ok,0.015738917,
20260509T150253Z,2026-05-09T15:08:12.133432Z,charton,1m_histogram,ok,0.06859375,
20260509T150253Z,2026-05-09T15:08:12.689365Z,charton,10m_histogram,ok,0.553101833,
20260509T150253Z,2026-05-09T15:08:12.710071Z,charton,1k_scatter,ok,0.018558875,
20260509T150253Z,2026-05-09T15:08:12.749637Z,charton,5k_scatter,ok,0.0375865,
20260509T150253Z,2026-05-09T15:08:15.168218Z,charton,500k_scatter,ok,2.4131871670000002,
20260509T150253Z,2026-05-09T15:08:20.3889Z,charton,5m_scatter,error,,Render error: SVG parsing error: ParsingFailed(NodesLimitReached)
20260509T150253Z,2026-05-09T15:08:20.520318Z,kuva,1k_line,ok,0.06404825,
20260509T150253Z,2026-05-09T15:08:20.552674Z,kuva,5k_line,ok,0.029907708,
20260509T150253Z,2026-05-09T15:08:21.196769Z,kuva,85k_line,ok,0.638371875,
20260509T150253Z,2026-05-09T15:08:22.4593Z,kuva,170k_line,ok,1.258369291,
20260509T150253Z,2026-05-09T15:08:30.072911Z,kuva,850k_line,ok,7.606633583,
20260509T150253Z,2026-05-09T15:08:30.081017Z,kuva,2k_histogram,ok,0.005044625,
20260509T150253Z,2026-05-09T15:08:30.086144Z,kuva,10k_histogram,ok,0.003948625,
20260509T150253Z,2026-05-09T15:08:30.096319Z,kuva,1m_histogram,ok,0.00749275,
20260509T150253Z,2026-05-09T15:08:30.135911Z,kuva,10m_histogram,ok,0.03650875,
20260509T150253Z,2026-05-09T15:08:30.144646Z,kuva,1k_scatter,ok,0.005716959,
20260509T150253Z,2026-05-09T15:08:30.15681Z,kuva,5k_scatter,ok,0.010297292,
20260509T150253Z,2026-05-09T15:08:30.745574Z,kuva,500k_scatter,ok,0.582432958,
20260509T150253Z,2026-05-09T15:08:36.478561Z,kuva,5m_scatter,ok,5.722808125,
20260509T150253Z,2026-05-09T15:08:36.545249Z,plotters,1k_line,ok,0.008043792,
20260509T150253Z,2026-05-09T15:08:36.550586Z,plotters,5k_line,ok,0.002818959,
20260509T150253Z,2026-05-09T15:08:36.565922Z,plotters,85k_line,ok,0.009515166,
20260509T150253Z,2026-05-09T15:08:36.586554Z,plotters,170k_line,ok,0.016648083,
20260509T150253Z,2026-05-09T15:08:36.665689Z,plotters,850k_line,ok,0.07080375,
20260509T150253Z,2026-05-09T15:08:36.670357Z,plotters,2k_histogram,ok,0.002169625,
20260509T150253Z,2026-05-09T15:08:36.673518Z,plotters,10k_histogram,ok,0.002032542,
20260509T150253Z,2026-05-09T15:08:36.681014Z,plotters,1m_histogram,ok,0.002206791,
20260509T150253Z,2026-05-09T15:08:36.710814Z,plotters,10m_histogram,ok,0.002273542,
20260509T150253Z,2026-05-09T15:08:36.716976Z,plotters,1k_scatter,ok,0.002615625,
20260509T150253Z,2026-05-09T15:08:36.722014Z,plotters,5k_scatter,ok,0.002691791,
20260509T150253Z,2026-05-09T15:08:36.761195Z,plotters,500k_scatter,ok,0.030406417,
20260509T150253Z,2026-05-09T15:08:37.067163Z,plotters,5m_scatter,ok,0.26646175,
20260509T150253Z,2026-05-09T15:08:37.121773Z,charton,1k_line,ok,0.033105542,
20260509T150253Z,2026-05-09T15:08:37.165559Z,charton,5k_line,ok,0.041784917,
20260509T150253Z,2026-05-09T15:08:37.81166Z,charton,85k_line,ok,0.642192,
20260509T150253Z,2026-05-09T15:08:39.140394Z,charton,170k_line,ok,1.324484792,
20260509T150253Z,2026-05-09T15:08:48.880057Z,charton,850k_line,ok,9.733199958,
20260509T150253Z,2026-05-09T15:08:48.902237Z,charton,2k_histogram,ok,0.020778375,
20260509T150253Z,2026-05-09T15:08:48.91936Z,charton,10k_histogram,ok,0.015440125,
20260509T150253Z,2026-05-09T15:08:48.991413Z,charton,1m_histogram,ok,0.068959875,
20260509T150253Z,2026-05-09T15:08:49.551068Z,charton,10m_histogram,ok,0.556475083,
20260509T150253Z,2026-05-09T15:08:49.574968Z,charton,1k_scatter,ok,0.021416667,
20260509T150253Z,2026-05-09T15:08:49.619808Z,charton,5k_scatter,ok,0.041478458,
20260509T150253Z,2026-05-09T15:08:52.022409Z,charton,500k_scatter,ok,2.397285333,
20260509T150253Z,2026-05-09T15:08:57.141678Z,charton,5m_scatter,error,,Render error: SVG parsing error: ParsingFailed(NodesLimitReached)
20260509T150253Z,2026-05-09T15:08:57.275037Z,kuva,1k_line,ok,0.061986375,
20260509T150253Z,2026-05-09T15:08:57.30828Z,kuva,5k_line,ok,0.030308,
20260509T150253Z,2026-05-09T15:08:57.961839Z,kuva,85k_line,ok,0.648172,
20260509T150253Z,2026-05-09T15:08:59.229133Z,kuva,170k_line,ok,1.2632492499999999,
20260509T150253Z,2026-05-09T15:09:07.62345Z,kuva,850k_line,ok,8.388071875,
20260509T150253Z,2026-05-09T15:09:07.631651Z,kuva,2k_histogram,ok,0.005200459,
20260509T150253Z,2026-05-09T15:09:07.636914Z,kuva,10k_histogram,ok,0.0038955,
20260509T150253Z,2026-05-09T15:09:07.648124Z,kuva,1m_histogram,ok,0.007806042,
20260509T150253Z,2026-05-09T15:09:07.690929Z,kuva,10m_histogram,ok,0.0397445,
20260509T150253Z,2026-05-09T15:09:07.700484Z,kuva,1k_scatter,ok,0.005468542,
20260509T150253Z,2026-05-09T15:09:07.712414Z,kuva,5k_scatter,ok,0.009632375,
20260509T150253Z,2026-05-09T15:09:08.318942Z,kuva,500k_scatter,ok,0.600300583,
20260509T150253Z,2026-05-09T15:09:14.10605Z,kuva,5m_scatter,ok,5.777422083,
20260509T150253Z,2026-05-09T15:09:14.17385Z,plotters,1k_line,ok,0.007487958,
20260509T150253Z,2026-05-09T15:09:14.17922Z,plotters,5k_line,ok,0.002856292,
20260509T150253Z,2026-05-09T15:09:14.193839Z,plotters,85k_line,ok,0.008664208,
20260509T150253Z,2026-05-09T15:09:14.213056Z,plotters,170k_line,ok,0.015479375,
20260509T150253Z,2026-05-09T15:09:14.292592Z,plotters,850k_line,ok,0.071444792,
20260509T150253Z,2026-05-09T15:09:14.297909Z,plotters,2k_histogram,ok,0.002188083,
20260509T150253Z,2026-05-09T15:09:14.30192Z,plotters,10k_histogram,ok,0.002518083,
20260509T150253Z,2026-05-09T15:09:14.309285Z,plotters,1m_histogram,ok,0.002220458,
20260509T150253Z,2026-05-09T15:09:14.334915Z,plotters,10m_histogram,ok,0.002277125,
20260509T150253Z,2026-05-09T15:09:14.341317Z,plotters,1k_scatter,ok,0.002476667,
20260509T150253Z,2026-05-09T15:09:14.346182Z,plotters,5k_scatter,ok,0.002471458,
20260509T150253Z,2026-05-09T15:09:14.385708Z,plotters,500k_scatter,ok,0.030458459,
20260509T150253Z,2026-05-09T15:09:14.691392Z,plotters,5m_scatter,ok,0.266857875,
20260509T150253Z,2026-05-09T15:09:14.733599Z,charton,1k_line,ok,0.025606375,
20260509T150253Z,2026-05-09T15:09:14.779688Z,charton,5k_line,ok,0.043880333,
20260509T150253Z,2026-05-09T15:09:15.450964Z,charton,85k_line,ok,0.667397958,
20260509T150253Z,2026-05-09T15:09:16.805213Z,charton,170k_line,ok,1.349607583,
20260509T150253Z,2026-05-09T15:09:27.81444Z,charton,850k_line,ok,11.00284525,
20260509T150253Z,2026-05-09T15:09:27.830945Z,charton,2k_histogram,ok,0.015102125,
20260509T150253Z,2026-05-09T15:09:27.847163Z,charton,10k_histogram,ok,0.015004541,
20260509T150253Z,2026-05-09T15:09:27.919911Z,charton,1m_histogram,ok,0.069394792,
20260509T150253Z,2026-05-09T15:09:28.478432Z,charton,10m_histogram,ok,0.555838417,
20260509T150253Z,2026-05-09T15:09:28.501262Z,charton,1k_scatter,ok,0.019614958,
20260509T150253Z,2026-05-09T15:09:28.543128Z,charton,5k_scatter,ok,0.039371417,
20260509T150253Z,2026-05-09T15:09:30.921932Z,charton,500k_scatter,ok,2.3731642920000002,
20260509T150253Z,2026-05-09T15:09:36.132272Z,charton,5m_scatter,error,,Render error: SVG parsing error: ParsingFailed(NodesLimitReached)
20260509T150253Z,2026-05-09T15:09:36.250218Z,kuva,1k_line,ok,0.054982084,
20260509T150253Z,2026-05-09T15:09:36.283585Z,kuva,5k_line,ok,0.030839583,
20260509T150253Z,2026-05-09T15:09:36.92729Z,kuva,85k_line,ok,0.63744425,
20260509T150253Z,2026-05-09T15:09:38.164834Z,kuva,170k_line,ok,1.233462708,
20260509T150253Z,2026-05-09T15:09:46.053017Z,kuva,850k_line,ok,7.881899333,
20260509T150253Z,2026-05-09T15:09:46.060995Z,kuva,2k_histogram,ok,0.004819292,
20260509T150253Z,2026-05-09T15:09:46.066551Z,kuva,10k_histogram,ok,0.004341417,
20260509T150253Z,2026-05-09T15:09:46.076133Z,kuva,1m_histogram,ok,0.007271333,
20260509T150253Z,2026-05-09T15:09:46.115349Z,kuva,10m_histogram,ok,0.03591875,
20260509T150253Z,2026-05-09T15:09:46.124219Z,kuva,1k_scatter,ok,0.005354917,
20260509T150253Z,2026-05-09T15:09:46.136315Z,kuva,5k_scatter,ok,0.009867583,
20260509T150253Z,2026-05-09T15:09:46.727449Z,kuva,500k_scatter,ok,0.584968625,
20260509T150253Z,2026-05-09T15:09:52.550653Z,kuva,5m_scatter,ok,5.8132835830000005,
20260509T150253Z,2026-05-09T15:09:52.628938Z,plotters,1k_line,ok,0.008349625,
20260509T150253Z,2026-05-09T15:09:52.634447Z,plotters,5k_line,ok,0.002977875,
20260509T150253Z,2026-05-09T15:09:52.649566Z,plotters,85k_line,ok,0.009283459,
20260509T150253Z,2026-05-09T15:09:52.669437Z,plotters,170k_line,ok,0.016040083,
20260509T150253Z,2026-05-09T15:09:52.749361Z,plotters,850k_line,ok,0.070628333,
20260509T150253Z,2026-05-09T15:09:52.754628Z,plotters,2k_histogram,ok,0.002641458,
20260509T150253Z,2026-05-09T15:09:52.758588Z,plotters,10k_histogram,ok,0.002400542,
20260509T150253Z,2026-05-09T15:09:52.76674Z,plotters,1m_histogram,ok,0.002620125,
20260509T150253Z,2026-05-09T15:09:52.794242Z,plotters,10m_histogram,ok,0.002706125,
20260509T150253Z,2026-05-09T15:09:52.801086Z,plotters,1k_scatter,ok,0.002613209,
20260509T150253Z,2026-05-09T15:09:52.807323Z,plotters,5k_scatter,ok,0.003064,
20260509T150253Z,2026-05-09T15:09:52.847593Z,plotters,500k_scatter,ok,0.030638416,
20260509T150253Z,2026-05-09T15:09:53.156864Z,plotters,5m_scatter,ok,0.268228292,
